,Time Step,Velocity,Acceleration,Distance Traveled
0,1,300.0,-1.1338540349814998,0.0
1,2,298.8661459650185,-1.1252603059767776,299.4330729825046
2,3,297.74088565904174,-1.1167638833182107,597.7365887945386
3,4,296.62412177572355,-1.1083633021059252,894.9190925119124
4,5,295.5157584736176,-1.1000571249238202,1190.9890326365887
5,6,294.4157013486938,-1.0918439412227354,1485.9547625477403
6,7,293.32385740747105,-1.0837223667197167,1779.8245419258278
7,8,292.24013504075134,-1.0756910428129063,2072.6065381499347
8,9,291.1644439979384,-1.0677486360115873,2364.308827669286
9,10,290.09669536192683,-1.0598938373809423,2654.939397349213
10,11,289.03680152454587,-1.0521253620010858,2944.5061457924603
11,12,287.98467616254476,-1.0444419484399619,3233.016884636013
12,13,286.9402342141048,-1.0368423582396933,3520.4793398243296
13,14,285.9033918558651,-1.0293253754159957,3806.9011528593232
14,15,284.8740664804491,-1.0218898059702792,4092.289882027489
15,16,283.8521766744788,-1.0145344774140668,4376.653003604948
16,17,282.8376421970647,-1.0072582383053788,4659.997913040725
17,18,281.83038395875934,-1.0000599577967395,4942.331926118633
18,19,280.8303240009626,-0.9929385251944736,5223.662280098498
19,20,279.83738547576814,-0.9858928495289734,5503.996134836859
20,21,278.8514926262392,-0.9789218591356185,5783.340573887858
21,22,277.8725707671036,-0.9720245012460588,6061.702605584527
22,23,276.90054626585754,-0.9651997415895578,6339.089164101
23,24,275.93534652426797,-0.9584465640041204,6615.507110496063
24,25,274.97689996026384,-0.9517639700571301,6890.963233738334
25,26,274.0251359902067,-0.9451509786752286,7165.464251713575
26,27,273.0799850115315,-0.9386066257831859,7439.016812214435
27,28,272.14137838574834,-0.9321299639515053,7711.627493913064
28,29,271.2092484217968,-0.9257200620525294,7983.302807316848
29,30,270.2835283597443,-0.919376004924812,8254.04919570761
30,31,269.3641523548195,-0.913096893045522,8523.873036064884
31,32,268.451055461774,-0.9068818422106711,8792.78063997318
32,33,267.5441736195633,-0.9007299832229486,9060.77825451385
33,34,266.64344363634035,-0.8946404615869509,9327.87206314181
34,35,265.7488031747534,-0.8886124372116164,9594.068186547354
35,36,264.86019073754176,-0.8826450841196631,9859.37268350351
36,37,263.9775456534221,-0.8767375901638461,10123.791551698989
37,38,263.1008080632583,-0.8708891567498518,10387.330728557321
38,39,262.22991890650843,-0.865098998565649,10649.996092042204
39,40,261.3648199079428,-0.8593663433171287,10911.79346144943
40,41,260.50545356462567,-0.8536904314698676,11172.72859818571
41,42,259.6517631331558,-0.8480705159968447,11432.807206534606
42,43,258.80369261715896,-0.8425058621319685,11692.034934409761
43,44,257.961186755027,-0.8369957471292501,11950.417374095854
44,45,257.1241910078977,-0.8315394600274781,12207.960062977325
45,46,256.2926515478702,-0.8261363014202605,12464.66848425521
46,47,255.46651524644994,-0.8207855832312786,12720.548067652375
47,48,254.64572966321867,-0.8154866284946329,12975.604190107206
48,49,253.83024303472405,-0.8102387711401395,13229.842176456174
49,50,253.0200042635839,-0.8050413557834567,13483.267300105334
50,51,252.21496290780044,-0.7998937375209132,13735.884783691023
51,52,251.41506917027954,-0.7947952817289196,13987.69979973006
52,53,250.62027388855063,-0.7897453638678466,14238.717471259473
53,54,249.8305285246828,-0.7847433692902585,14488.942872466087
54,55,249.04578515539254,-0.7797886930533867,14738.381029306123
55,56,248.26599646233916,-0.774880739735741,14987.036920114986
56,57,247.4911157226034,-0.7700189232577537,15234.91547620746
57,58,246.72109679934564,-0.7652026667063531,15482.021582468438
58,59,245.9558941326393,-0.7604314021633714,15728.360077934432
59,60,245.19546273047592,-0.7557045705376896,15973.935756365983
60,61,244.43975815993824,-0.7510216214010265,16218.75336681119
61,62,243.6887365385372,-0.7463820128272828,16462.817614160434
62,63,242.94235452570993,-0.7417852112353531,16706.133159692552
63,64,242.20056931447456,-0.7372306912353166,16948.70462161265
64,65,241.46333862323925,-0.732717935477929,17190.536575581507
65,66,240.73062068776133,-0.7282464345073317,17431.633555237004
66,67,240.002374253254,-0.7238156866168995,17672.000052707506
67,68,239.27855856663712,-0.7194251977081533,17911.64051911745
68,69,238.55913336892897,-0.7150744811526599,18150.55936508523
69,70,237.8440588877763,-0.7107630576568514,18388.760961213582
70,71,237.13329583011944,-0.7064904551296886,18626.24963857253
71,72,236.42680537498975,-0.7022562085531037,18863.029689175084
72,73,235.72454916643665,-0.698059859855156,19099.105366445798
73,74,235.02648930658148,-0.6939009577858329,19334.48088568231
74,75,234.33258834879564,-0.6897790577954368,19569.160424510002
75,76,233.6428092910002,-0.685693721915493,19803.148123329902
76,77,232.9571155690847,-0.6816445186421229,20036.44808575995
77,78,232.27547105044258,-0.677631022821821,20269.064379069707
78,79,231.59784002762075,-0.6736528155395803,20501.001034608744
79,80,230.92418721208116,-0.6697094840093131,20732.262048228593
80,81,230.25447772807186,-0.6658006214665099,20962.851380698667
81,82,229.58867710660536,-0.661925827063086,21192.772958116002
82,83,228.9267512795423,-0.6580847057643673,21422.03067230907
83,84,228.26866657377792,-0.6542768682481603,21650.62838123573
84,85,227.61438970552976,-0.6505019308058647,21878.569909375383
85,86,226.9638877747239,-0.6467595152455752,22105.85904811551
86,87,226.31712825947832,-0.6430492487971314,22332.499556132614
87,88,225.6740790106812,-0.6393707640190711,22558.495159767688
88,89,225.03470824666212,-0.6357236987074367,22783.849553396365
89,90,224.39898454795468,-0.6321076958064057,23008.56639979367
90,91,223.76687685214827,-0.628522403320689,23232.64933049373
91,92,223.13835444882758,-0.6249674742296677,23456.101946144212
92,93,222.51338697459792,-0.621442566403225,23678.92781685592
93,94,221.8919444081947,-0.6179473425192343,23901.130482547323
94,95,221.27399706567545,-0.6144814699826692,24122.71345328426
95,96,220.65951559569277,-0.6110446208462961,24343.68020961495
96,97,220.04847097484648,-0.6076364717329158,24564.034202900217
97,98,219.44083450311356,-0.6042567037591197,24783.778855639197
98,99,218.83657779935444,-0.6009050024605256,25002.91756179043
99,100,218.2356727968939,-0.5975810577184618,25221.453687088557
100,101,217.63809173917545,-0.594284563688067,25439.39056935659
101,102,217.0438071754874,-0.5910152187277744,25656.731518813926
102,103,216.45279195675963,-0.5877727253301503,25873.47981838004
103,104,215.86501923142947,-0.5845567900540574,26089.63872397414
104,105,215.28046244137542,-0.5813671234581123,26305.211464810538
105,106,214.6990953179173,-0.5782034400354132,26520.201243690182
106,107,214.1208918778819,-0.5750654581495048,26734.611237288085
107,108,213.54582641973238,-0.5719528999715578,26948.444596436897
108,109,212.97387351976082,-0.568865491418734,27161.704446406642
109,110,212.40500802834208,-0.565802962093714,27374.393887180697
110,111,211.83920506624835,-0.5627650452253603,27586.515993727993
111,112,211.276440021023,-0.5597514776104928,27798.073816271626
112,113,210.71668854341252,-0.5567619995567523,28009.070380553843
113,114,210.15992654385576,-0.5537963548265289,28219.508688097474
114,115,209.60613018902924,-0.5508542905819334,28429.391716463917
115,116,209.05527589844732,-0.5479355573307879,28638.72241950765
116,117,208.50734034111653,-0.5450399088736169,28847.50372762743
117,118,207.96230043224293,-0.5421671022516138,29055.73854801411
118,119,207.4201333299913,-0.539316897695566,29263.429764895227
119,120,206.88081643229575,-0.5364890585757178,29470.580239776365
120,121,206.34432737372003,-0.5336833513525475,29677.192811679368
121,122,205.81064402236748,-0.530899545528447,29883.270297377418
122,123,205.27974447683903,-0.5281374136002772,30088.815491627025
123,124,204.75160706323874,-0.5253967310127883,30293.831167397067
124,125,204.22621033222595,-0.5226772761128801,30498.320076094802
125,126,203.70353305611306,-0.5199788301046909,30702.284947788972
126,127,203.18355422600837,-0.5173011770054945,30905.728491430033
127,128,202.66625304900288,-0.5146441036023893,31108.653395067537
128,129,202.15160894540048,-0.512007399409765,31311.06232606474
129,130,201.63960154599073,-0.5093908566275284,31512.957931310426
130,131,201.1302106893632,-0.5067942701000735,31714.342837428107
131,132,200.62341641926312,-0.5042174372759842,31915.219650982413
132,133,200.11919898198713,-0.5016601581684479,32115.590958683046
133,134,199.61753882381868,-0.499122235316373,32315.459327585948
134,135,199.1184165885023,-0.4966034737461906,32514.827305292114
135,136,198.62181311475612,-0.49410368093433,32713.697420143737
136,137,198.1277094338218,-0.4916226667703516,32912.07218141802
137,138,197.63608676705144,-0.4891602435207282,33109.954079518466
138,139,197.1469265235307,-0.486716225793256,33307.345586163756
139,140,196.66021029773745,-0.4842904305020884,33504.24915457439
140,141,196.17591986723536,-0.48188267683337727,33700.667219656876
141,142,195.69403719040199,-0.47949278621150826,33896.6021981857
142,143,195.2145444041905,-0.4771205822659239,34092.05648898299
143,144,194.73742382192458,-0.4747658907985146,34287.03247309604
144,145,194.26265793112606,-0.47242853975157584,34481.53251397257
145,146,193.79022939137448,-0.47010835917631166,34675.55895763382
146,147,193.32012103219816,-0.46780518120187986,34869.114132845614
147,148,192.8523158509963,-0.4655188400049667,35062.2003512872
148,149,192.38679701099133,-0.463249171779877,35254.81990771819
149,150,191.92354783921147,-0.46099601470913765,35446.97508014329
150,151,191.46255182450233,-0.458759208934595,35638.66812997515
151,152,191.00379261556773,-0.4565385965290053,35829.90130219518
152,153,190.54725401903872,-0.45433402146810264,36020.67682551249
153,154,190.09291999757062,-0.45214532960313736,36210.996912520786
154,155,189.6407746679675,-0.44997236863387635,36400.86375985355
155,156,189.19080229933363,-0.4478149880820568,36590.279548337196
156,157,188.74298731125157,-0.4456730392652811,36779.24644314249
157,158,188.2973142719863,-0.44354637527135055,36967.7665939341
158,159,187.85376789671494,-0.44143485093302326,37155.84213501845
159,160,187.4123330457819,-0.4393383228031934,37343.475185489704
160,161,186.9729947229787,-0.43725664913048023,37530.667849374084
161,162,186.53573807384822,-0.4351896898352198,37717.4222157725
162,163,186.100548384013,-0.4331373064858548,37903.74035900144
163,164,185.66741107752713,-0.4310993622757102,38089.62433873221
164,165,185.23631171525142,-0.42907572200015154,38275.076200128606
165,166,184.80723599325125,-0.4270662520341162,38460.09797398286
166,167,184.38016974121714,-0.42507082031001164,38644.691676850096
167,168,183.95509892090715,-0.4230892962959746,38828.85931118115
168,169,183.53200962461116,-0.4211215509744821,39012.60286545391
169,170,183.1108880736367,-0.4191674568213112,39195.92431430303
170,171,182.6917206168154,-0.4172268877848373,39378.825618648254
171,172,182.27449372903055,-0.4152997192656681,39561.308725821174
172,173,181.85919400976488,-0.41338582809660396,39743.37556969058
173,174,181.44580818166827,-0.411485092522922,39925.0280707863
174,175,181.03432308914535,-0.4095973921829753,40106.268136421706
175,176,180.62472569696237,-0.40772260808910177,40287.09766081476
176,177,180.21700308887327,-0.4058606226088387,40467.518525207684
177,178,179.81114246626444,-0.4040113194464363,40647.53259798525
178,179,179.40713114681802,-0.4021745836246641,40827.14173479179
179,180,179.00495656319336,-0.4003503014669061,41006.34777864679
180,181,178.60460626172645,-0.39853836057953984,41185.15256005926
181,182,178.2060679011469,-0.39673864983459184,41363.5578971407
182,183,177.8093292513123,-0.3949510593526673,41541.56559571693
183,184,177.41437819195963,-0.3931754804861476,41719.17744943857
184,185,177.02120271147348,-0.3914118058026509,41896.39523989029
185,186,176.62979090567083,-0.389659929068751,42073.22073669886
186,187,176.24013097660207,-0.387919745233952,42249.655697639995
187,188,175.85221123136813,-0.38619115041490915,42425.70186874398
188,189,175.46602008095323,-0.3844740418798982,42601.36098440013
189,190,175.08154603907332,-0.3827683180335232,42776.63476746015
190,191,174.6987777210398,-0.38107387840166107,42951.52492934021
191,192,174.31770384263814,-0.37939062361663967,43126.03317012204
192,193,173.9383132190215,-0.3777184554026427,43300.161178652874
193,194,173.56059476361887,-0.3760572765613389,43473.91063264418
194,195,173.18453748705753,-0.3744069909577322,43647.283198769524
195,196,172.8101304960998,-0.3727675035062279,43820.280532761106
196,197,172.43736299259356,-0.3711387201569115,43992.90427950545
197,198,172.06622427243664,-0.3695205478820358,44165.156073137965
198,199,171.6967037245546,-0.36791289466271504,44337.037537136464
199,200,171.3287908298919,-0.3663156694758186,44508.550284413686
200,201,170.96247516041606,-0.3647287822810644,44679.69591740884
201,202,170.59774637813499,-0.36315214400830664,44850.47602817812
202,203,170.2345942341267,-0.3615856665450152,45020.892198484245
203,204,169.87300856758168,-0.36002926272394287,45190.945999885094
204,205,169.51297930485774,-0.3584828463109778,45360.63899382131
205,206,169.15449645854676,-0.35694633199317793,45529.97273170301
206,207,168.79755012655357,-0.3554196353669834,45698.94875499557
207,208,168.4421304911866,-0.3539026729266057,45867.56859530443
208,209,168.08822781825998,-0.35239536205258815,46035.833774459155
209,210,167.7358324562074,-0.35089762100053745,46203.745804596394
210,211,167.38493483520685,-0.34940936889002105,46371.3061882421
211,212,167.03552546631684,-0.3479305256936289,46538.516418392865
212,213,166.6875949406232,-0.34646101222619674,46705.37797859634
213,214,166.341133928397,-0.34500075013418774,46871.89234303086
214,215,165.99613317826282,-0.34354966188522984,47038.06097658418
215,216,165.6525835163776,-0.34210767075780657,47203.885334931496
216,217,165.3104758456198,-0.34067470083109885,47369.366864612486
217,218,164.9698011447887,-0.33925067697497424,47534.50700310769
218,219,164.63055046781372,-0.33783552484012314,47699.307178914
219,220,164.2927149429736,-0.3364291708483369,47863.7688116194
220,221,163.95628577212526,-0.3350315421829282,48027.89331197695
221,222,163.62125422994234,-0.33364256677928894,48191.68208197798
222,223,163.28761166316306,-0.33226217331558516,48355.136514924525
223,224,162.95534948984746,-0.3308902912035856,48518.25799550104
224,225,162.62445919864388,-0.32952685057962305,48681.04789984528
225,226,162.29493234806426,-0.32817178229568433,48843.50759561863
226,227,161.96676056576857,-0.32682501791062757,49005.63844207556
227,228,161.63993554785793,-0.32548648968152694,49167.441790132376
228,229,161.3144490581764,-0.3241561305551388,49328.9189824354
229,230,160.99029292762125,-0.3228338741594906,49490.0713534283
230,231,160.66745905346176,-0.3215196547955881,49650.90022941885
231,232,160.34593939866616,-0.3202134074292412,49811.406928644916
232,233,160.02572599123692,-0.3189150676830057,49971.59276133987
233,234,159.70681092355392,-0.31762457182823645,50131.45902979726
234,235,159.38918635172567,-0.3163418567772558,50291.00702843491
235,236,159.0728444949484,-0.3150668600756298,50450.23804385825
236,237,158.75777763487278,-0.31379951989455346,50609.15335492316
237,238,158.44397811497822,-0.31253977502334296,50767.754232798085
238,239,158.13143833995488,-0.31128756486203235,50926.04194102555
239,240,157.82015077509286,-0.31004282941407413,51084.01773558307
240,241,157.51010794567878,-0.3088055092791405,51241.682864943454
241,242,157.20130243639963,-0.3075755456460251,51399.0385701345
242,243,156.8937268907536,-0.3063528802856441,51556.08608479807
243,244,156.58737401046795,-0.3051374555441322,51712.82663524869
244,245,156.28223655492383,-0.30392921433603604,51869.26144053138
245,246,155.9783073405878,-0.30272810013759954,52025.39171247913
246,247,155.67557924045022,-0.30153405698014324,52181.21865576965
247,248,155.3740451834701,-0.3003470294435334,52336.7434679816
248,249,155.07369815402654,-0.2991669626497411,52491.96733965036
249,250,154.7745311913768,-0.29799380225648975,52646.89145432305
250,251,154.47653738912032,-0.2968274944509881,52801.51698861329
251,252,154.17970989466934,-0.2956679859437502,52955.845112255185
252,253,153.8840419087256,-0.2945152239624982,53109.87698815688
253,254,153.58952668476311,-0.29336915624614823,53263.613772453624
254,255,153.29615752851697,-0.29222973103887806,53417.05661456026
255,256,153.0039277974781,-0.29109689708427455,53570.20665722325
256,257,152.7128309003938,-0.28997060361956006,53723.06503657219
257,258,152.42286029677425,-0.2888508003698971,53875.63288217077
258,259,152.13400949640436,-0.2877374375427688,54027.91131706736
259,260,151.8462720588616,-0.2866304658224351,54179.90145784499
260,261,151.55964159303915,-0.2855298363644635,54331.60441467095
261,262,151.27411175667467,-0.2844355007903322,54483.02129134581
262,263,150.98967625588435,-0.28334741118210593,54634.15318535209
263,264,150.70632884470226,-0.28226552007718175,54785.00118790237
264,265,150.42406332462508,-0.28118978046310605,54935.56638398703
265,266,150.14287354416197,-0.28012014577245825,55085.84985242142
266,267,149.86275339838951,-0.2790565698778046,55235.8526658927
267,268,149.5836968285117,-0.27799900708671654,55385.575891006156
268,269,149.30569782142499,-0.2769474121368567,55535.02058833112
269,270,149.02875040928814,-0.2759017401911271,55684.18781244647
270,271,148.752848669097,-0.27486194683288334,55833.078611985664
271,272,148.47798672226412,-0.273827988061211,55981.69402968135
272,273,148.2041587342029,-0.2727998202862627,56130.03510240958
273,274,147.93135891391665,-0.2717774003246579,56278.10286123363
274,275,147.659581513592,-0.2707606853949406,56425.89833144738
275,276,147.38882082819705,-0.26974963311309796,56573.422532618286
276,277,147.11907119508396,-0.26874420148813694,56720.67647862992
277,278,146.85032699359581,-0.26774434891771615,56867.661177724265
278,279,146.5825826446781,-0.26675003418383747,57014.3776325434
279,280,146.31583261049425,-0.26576121644859085,57160.826840170994
280,281,146.05007139404566,-0.26477785524995534,57307.00979217327
281,282,145.7852935387957,-0.26379991049765306,57452.92747463968
282,283,145.52149362829806,-0.26282734246905737,57598.580868223224
283,284,145.258666285829,-0.261860111805153,57743.970948180286
284,285,144.99680617402385,-0.2608981795065485,57889.098684410215
285,286,144.7359079945173,-0.25994150692953866,58033.965041494484
286,287,144.47596648758775,-0.2589900557822179,58178.57097873554
287,288,144.21697643180553,-0.25804378812064277,58322.91745019524
288,289,143.9589326436849,-0.25710266634504353,58467.005404732976
289,290,143.70182997733986,-0.25616665319608334,58610.835786043484
290,291,143.44566332414377,-0.2552357117511651,58754.40953269423
291,292,143.1904276123926,-0.2543098054207854,58897.7275781625
292,293,142.93611780697182,-0.25338889794493313,59040.790850872174
293,294,142.68272890902688,-0.2524729533895349,59183.60027423018
294,295,142.43025595563734,-0.2515619361429443,59326.15676666252
295,296,142.1786940194944,-0.2506558109124758,59468.46124165008
296,297,141.92803820858194,-0.24975454272098088,59610.51460776411
297,298,141.67828366586096,-0.2488580969034683,59752.31776870133
298,299,141.4294255689575,-0.24796643910376628,59893.87162331874
299,300,141.18145912985372,-0.2470795352712252,60035.177065668155
300,301,140.9343795945825,-0.2461973516574633,60176.234985030365
301,302,140.68818224292505,-0.2453198548131499,60317.04626594912
302,303,140.4428623881119,-0.24444701158483187,60457.61178826463
303,304,140.19841537652707,-0.24357878911179642,60597.93242714695
304,305,139.95483658741526,-0.24271515482297426,60738.00905312893
305,306,139.71212143259228,-0.24185607643388068,60877.84253213894
306,307,139.4702653561584,-0.24100152194359378,61017.433725533316
307,308,139.2292638342148,-0.2401514596317702,61156.7834901285
308,309,138.98911237458304,-0.2393058580556975,61295.89267823289
309,310,138.74980651652734,-0.23846468604738214,61434.76213767845
310,311,138.51134183047995,-0.23762791271067374,61573.39271185196
311,312,138.27371391776927,-0.23679550741842392,61711.78523972609
312,313,138.03691841035084,-0.23596743980967974,61849.94055589015
313,314,137.80095097054115,-0.23514367978691142,61987.859490580595
314,315,137.56580729075424,-0.23432419751327363,62125.54286971125
315,316,137.33148309324096,-0.2335089634099001,62262.991514903246
316,317,137.09797412983107,-0.2326979481532305,62400.20624351478
317,318,136.86527618167784,-0.23189112267237008,62537.18786867054
318,319,136.63338505900546,-0.23108845814648082,62673.937199290885
319,320,136.402296600859,-0.23028992600220433,62810.45504012081
320,321,136.1720066748568,-0.22949549791111493,62946.74219175867
321,322,135.9425111769457,-0.22870514578720416,63082.799450684564
322,323,135.71380603115847,-0.22791884178439462,63218.62760928863
323,324,135.48588718937407,-0.22713655829408452,63354.2274558989
324,325,135.25875063107998,-0.2263582679427201,63489.59977480914
325,326,135.03239236313726,-0.22558394358939823,63624.74534630624
326,327,134.80680841954788,-0.2248135583234967,63759.66494669758
327,328,134.5819948612244,-0.22404708546233293,63894.35934833796
328,329,134.35794777576206,-0.22328449854885069,64028.82931965645
329,330,134.1346632772132,-0.22252577134933352,64163.07562518293
330,331,133.91213750586388,-0.2217708778511456,64297.09902557446
331,332,133.69036662801273,-0.2210197922604993,64430.900277641405
332,333,133.46934683575222,-0.22027248900024876,64564.4801343733
333,334,133.24907434675197,-0.21952894270770928,64697.83934496455
334,335,133.02954540404426,-0.21878912823250263,64830.97865483995
335,336,132.81075627581174,-0.21805302063442744,64963.898805679884
336,337,132.59270325517733,-0.21732059518135433,65096.600535445374
337,338,132.37538265999598,-0.21659182734714572,65229.08457840296
338,339,132.15879083264883,-0.21586669280959989,65361.35166514928
339,340,131.94292413983922,-0.21514516744841905,65493.40252263553
340,341,131.7277789723908,-0.21442722734320072,65625.23787419165
341,342,131.5133517450476,-0.21371284877145233,65756.85843955037
342,343,131.29963889627615,-0.21300200820662965,65888.26493487103
343,344,131.0866368880695,-0.21229468231619628,66019.45807276321
344,345,130.87434220575332,-0.21159084795970745,66150.43856231011
345,346,130.6627513577936,-0.21089048218691409,66281.20710909189
346,347,130.45186087560668,-0.21019356223588978,66411.7644152086
347,348,130.24166731337078,-0.20950006553117917,66542.1111793031
348,349,130.0321672478396,-0.20880996968196697,66672.24809658372
349,350,129.82335727815763,-0.20812325248026847,66802.17585884672
350,351,129.61523402567735,-0.2074398918991403,66931.89515449865
351,352,129.40779413377822,-0.20675986609091213,67061.40666857836
352,353,129.2010342676873,-0.20608315338543765,67190.7110827791
353,354,128.99495111430187,-0.20540973228836648,67319.8090754701
354,355,128.7895413820135,-0.20473958147943505,67448.70132171825
355,356,128.58480180053408,-0.20407267981077654,67577.38849330953
356,357,128.38072912072332,-0.2034090063052507,67705.87125877014
357,358,128.17732011441805,-0.20274854015479174,67834.15028338773
358,359,127.97457157426327,-0.20209126071877614,67962.22622923207
359,360,127.77248031354449,-0.20143714752240674,68090.09975517596
360,361,127.57104316602208,-0.20078618025511702,68217.77151691575
361,362,127.37025698576696,-0.20013833876899215,68345.24216699165
362,363,127.17011864699796,-0.1994936030772081,68472.51235480803
363,364,126.97062504392076,-0.19885195335248804,68599.58272665349
364,365,126.77177309056827,-0.19821336992557587,68726.45392572074
365,366,126.57355972064269,-0.19757783328372747,68853.12659212634
366,367,126.37598188735896,-0.19694532406921764,68979.60136293035
367,368,126.17903656328974,-0.19631582307786455,69105.87887215568
368,369,125.98272074021187,-0.19568931125757,69231.95975080744
369,370,125.78703142895431,-0.1950657697068763,69357.84462689202
370,371,125.59196565924744,-0.19444517967353855,69483.53412543613
371,372,125.3975204795739,-0.19382752255311322,69609.02886850553
372,373,125.20369295702079,-0.19321277988756186,69734.32947522383
373,374,125.01048017713323,-0.1926009333638707,69859.4365617909
374,375,124.81787924376935,-0.1919919648126847,69984.35074150136
375,376,124.62588727895667,-0.19138585620695725,70109.07262476273
376,377,124.4345014227497,-0.19078258966061432,70233.60281911358
377,378,124.24371883308909,-0.1901821474272332,70357.94192924151
378,379,124.05353668566185,-0.18958451189873587,70482.09055700089
379,380,123.86395217376312,-0.18898966560409652,70606.0493014306
380,381,123.67496250815903,-0.18839759120806285,70729.81875877157
381,382,123.48656491695097,-0.18780827150989196,70853.39952248412
382,383,123.29875664544107,-0.18722168944209908,70976.79218326532
383,384,123.11153495599898,-0.18663782806922072,71099.99732906604
384,385,122.92489712792975,-0.18605667058659056,71223.015545108
385,386,122.73884045734316,-0.1854782003191288,71345.84741390064
386,387,122.55336225702403,-0.18490240072014463,71468.49351525783
387,388,122.36845985630389,-0.1843292553701514,71590.95442631449
388,389,122.18413060093374,-0.18375874797569486,71713.2307215431
389,390,122.00037185295804,-0.1831908623681935,71835.32297277005
390,391,121.81718099058985,-0.18262558250279196,71957.23174919182
391,392,121.63455540808705,-0.18206289245722587,72078.95761739116
392,393,121.45249251562983,-0.18150277643069965,72200.50114135302
393,394,121.27098973919912,-0.1809452187427757,72321.86288248043
394,395,121.09004452045635,-0.18039020383227597,72443.04339961027
395,396,120.90965431662407,-0.1798377162561945,72564.04324902881
396,397,120.72981660036788,-0.179287740688622,72684.86298448729
397,398,120.55052885967926,-0.17874026191968187,72805.50315721732
398,399,120.37178859775958,-0.17819526485447731,72925.96431594604
399,400,120.1935933329051,-0.17765273451204963,73046.24700691138
400,401,120.01594059839304,-0.1771126560243472,73166.35177387703
401,402,119.8388279423687,-0.17657501463520608,73286.27915814742
402,403,119.66225292773349,-0.17603979569934064,73406.02969858247
403,404,119.48621313203415,-0.175506984681345,73525.60393161235
404,405,119.3107061473528,-0.174976567154705,73645.00239125204
405,406,119.1357295801981,-0.1744485288008207,73764.22560911582
406,407,118.96128105139728,-0.17392285540803867,73883.27411443161
407,408,118.78735819598924,-0.17339953287069482,74002.1484340553
408,409,118.61395866311855,-0.17287854718816678,74120.84909248484
409,410,118.44108011593039,-0.1723598844639368,74239.37661187437
410,411,118.26872023146646,-0.17184353090466356,74357.73151204806
411,412,118.0968767005618,-0.1713294728192643,74475.91431051408
412,413,117.92554722774253,-0.17081769661800628,74593.92552247824
413,414,117.75472953112453,-0.17030818881160723,74711.76566085767
414,415,117.58442134231292,-0.16980093601034585,74829.43523629438
415,416,117.41462040630257,-0.16929592492318093,74946.93475716868
416,417,117.2453244813794,-0.16879314235687967,75064.26472961252
417,418,117.07653133902252,-0.16829257521515512,75181.42565752272
418,419,116.90823876380736,-0.16779421049781212,75298.41804257414
419,420,116.74044455330954,-0.16729803529990273,75415.2423842327
420,421,116.57314651800964,-0.16680403681088943,75531.89917976836
421,422,116.40634248119875,-0.16631220231381752,75648.38892426796
422,423,116.24003027888493,-0.16582251918449561,75764.712110648
423,424,116.07420775970043,-0.1653349748906847,75880.8692296673
424,425,115.90887278480974,-0.16484955699129558,75996.86076993955
425,426,115.74402322781845,-0.16436625313559391,76112.68721794587
426,427,115.57965697468285,-0.16388505106241397,76228.34905804713
427,428,115.41577192362044,-0.16340593859938016,76343.84677249627
428,429,115.25236598502106,-0.16292890366213614,76459.1808414506
429,430,115.08943708135892,-0.16245393425358218,76574.35174298378
430,431,114.92698314710535,-0.16198101846311985,76689.35995309801
431,432,114.76500212864222,-0.1615101444659047,76804.2059457359
432,433,114.60349198417632,-0.16104130052210608,76918.89019279231
433,434,114.44245068365422,-0.1605744749761746,77033.41316412622
434,435,114.28187620867804,-0.16010965625611703,77147.77532757238
435,436,114.12176655242193,-0.15964683287277814,77261.97714895292
436,437,113.96211971954915,-0.15918599341913028,77376.01909208891
437,438,113.80293372613002,-0.15872712656956947,77489.90161881175
438,439,113.64420659956045,-0.15827022107921884,77603.6251889746
439,440,113.48593637848123,-0.15781526578323907,77717.19026046363
440,441,113.32812111269799,-0.15736224959614548,77830.59728920921
441,442,113.17075886310184,-0.15691116151113194,77943.84672919712
442,443,113.0138477015907,-0.15646199059940177,78056.93903247947
443,444,112.85738571099131,-0.15601472600950492,78169.87464918575
444,445,112.7013709849818,-0.15556935696668184,78282.65402753373
445,446,112.54580162801513,-0.15512587277221387,78395.27761384023
446,447,112.39067575524291,-0.15468426280278016,78507.74585253185
447,448,112.23599149244014,-0.15424451650982068,78620.05918615569
448,449,112.08174697593032,-0.1538066234189054,78732.21805538988
449,450,111.92794035251141,-0.1533705731291104,78844.2228990541
450,451,111.7745697793823,-0.15293635531239896,78956.07415412006
451,452,111.6216334240699,-0.15250395971301,79067.77225572178
452,453,111.46912946435688,-0.15207337614685118,79179.317637166
453,454,111.31705608821004,-0.15164459450089923,79290.71072994226
454,455,111.16541149370914,-0.15121760473260495,79401.95196373323
455,456,111.01419388897654,-0.150792396869305,79513.04176642458
456,457,110.86340149210723,-0.15036896100763866,79623.98056411512
457,458,110.71303253109959,-0.1499472873129707,79734.76878112672
458,459,110.56308524378662,-0.14952736601881994,79845.40684001417
459,460,110.4135578777678,-0.1491091874262926,79955.89516157495
460,461,110.26444869034151,-0.14869274190352233,80066.23416485901
461,462,110.115755948438,-0.14827801988511446,80176.42426717839
462,463,109.96747792855288,-0.14786501187159637,80286.46588411689
463,464,109.81961291668128,-0.14745370842887298,80396.35942953952
464,465,109.67215920825241,-0.14704410018768735,80506.10531560198
465,466,109.52511510806472,-0.14663617784308663,80615.70395276013
466,467,109.37847893022163,-0.14622993215389285,80725.15574977927
467,468,109.23224899806775,-0.14582535394217935,80834.46111374341
468,469,109.08642364412556,-0.14542243409275152,80943.62045006451
469,470,108.94100121003281,-0.14502116355263311,81052.6341624916
470,471,108.79598004648018,-0.14462153333055697,81161.50265311985
471,472,108.65135851314963,-0.14422353449646097,81270.22632239966
472,473,108.50713497865317,-0.14382715818098868,81378.80556914555
473,474,108.36330782047219,-0.14343239557499451,81487.24079054511
474,475,108.2198754248972,-0.14303923792905401,81595.53238216779
475,476,108.07683618696814,-0.14264767655297836,81703.68073797371
476,477,107.93418851041515,-0.1422577028153338,81811.68625032241
477,478,107.79193080759983,-0.1418693081429655,81919.5493099814
478,479,107.65006149945685,-0.14148248402052566,82027.27030613493
479,480,107.50857901543633,-0.1410972219900066,82134.84962639237
480,481,107.36748179344632,-0.1407135136502777,82242.28765679682
481,482,107.22676827979603,-0.1403313506566272,82349.58478183344
482,483,107.08643692913941,-0.1399507247203077,82456.7413844379
483,484,106.9464862044191,-0.13957162760808656,82563.75784600468
484,485,106.80691457681101,-0.1391940511418001,82670.6345463953
485,486,106.66772052566921,-0.13881798719791216,82777.37186394655
486,487,106.5289025384713,-0.13844342770707654,82883.97017547862
487,488,106.39045911076423,-0.13807036465370395,82990.42985630324
488,489,106.25238874611053,-0.13769879007553246,83096.75128023166
489,490,106.114689956035,-0.1373286960632025,83202.93481958273
490,491,105.97736125997179,-0.1369600747598354,83308.98084519073
491,492,105.84040118521195,-0.1365929183606159,83414.88972641333
492,493,105.70380826685133,-0.13622721911237887,83520.66183113937
493,494,105.56758104773894,-0.13586296931319924,83626.29752579668
494,495,105.43171807842575,-0.1355001613119865,83731.79717535975
495,496,105.29621791711376,-0.1351387875080821,83837.16114335752
496,497,105.16107912960568,-0.13477884035086118,83942.38979188088
497,498,105.02630028925482,-0.13442031233933785,84047.4834815903
498,499,104.89187997691548,-0.13406319602177388,84152.4425717234
499,500,104.7578167808937,-0.1337074839952912,84257.2674201023
500,501,104.62410929689841,-0.13335316890548776,84361.9583831412
501,502,104.49075612799292,-0.1330002434460573,84466.51581585365
502,503,104.35775588454686,-0.13264870035841184,84570.94007185992
503,504,104.22510718418845,-0.13229853243130857,84675.23150339429
504,505,104.09280865175714,-0.13194973250047962,84779.39046131226
505,506,103.96085891925667,-0.13160229344826485,84883.41729509777
506,507,103.8292566258084,-0.13125620820324888,84987.3123528703
507,508,103.69800041760514,-0.1309114697399006,85091.07598139202
508,509,103.56708894786524,-0.13056807107821655,85194.70852607476
509,510,103.43652087678703,-0.130226005283367,85298.21033098707
510,511,103.30629487150367,-0.12988526546534562,85401.5817388612
511,512,103.17640960603832,-0.12954584477862222,85504.82309109998
512,513,103.0468637612597,-0.12920773642179859,85607.93472778364
513,514,102.9176560248379,-0.12887093363726734,85710.9169876767
514,515,102.78878509120062,-0.12853542971087414,85813.77020823471
515,516,102.66024966148974,-0.12820121797158254,85916.49472561106
516,517,102.53204844351816,-0.12786829179114229,86019.09087466355
517,518,102.40418015172702,-0.12753664458376007,86121.55898896117
518,519,102.27664350714326,-0.12720626980577393,86223.8994007906
519,520,102.1494372373375,-0.12687716095532975,86326.11244116284
520,521,102.02256007638216,-0.1265493115720613,86428.19843981971
521,522,101.8960107648101,-0.12622271523677295,86530.15772524031
522,523,101.76978804957332,-0.12589736557112494,86631.9906246475
523,524,101.6438906840022,-0.12557325623732188,86733.69746401429
524,525,101.51831742776488,-0.12525038093780363,86835.27856807016
525,526,101.39306704682708,-0.12492873341493926,86936.73426030745
526,527,101.26813831341215,-0.12460830745072343,87038.06486298756
527,528,101.14353000596142,-0.1242890968664758,87139.27069714725
528,529,101.01924090909495,-0.12397109552254262,87240.35208260478
529,530,100.8952698135724,-0.12365429731800151,87341.30933796611
530,531,100.7716155162544,-0.12333869619036844,87442.14278063102
531,532,100.64827682006403,-0.1230242861153073,87542.85272679919
532,533,100.52525253394872,-0.12271106110634233,87643.4394914762
533,534,100.40254147284237,-0.12239901521457291,87743.9033884796
534,535,100.2801424576278,-0.12208814252839079,87844.24473044483
535,536,100.1580543150994,-0.12177843717319967,87944.4638288312
536,537,100.0362758779262,-0.1214698933111377,88044.56099392772
537,538,99.91480598461506,-0.2519178384741353,88144.536534859
538,539,99.66288814614092,-0.2512815329942032,88244.32538192438
539,540,99.41160661314672,-0.25064843500134426,88343.86262930403
540,541,99.16095817814538,-0.2500185243034221,88443.14891169967
541,542,98.91093965384195,-0.24939178087079136,88542.18486061566
542,543,98.66154787297116,-0.2487681848347417,88640.97110437906
543,544,98.41277968813641,-0.24814771648595926,88739.50826815961
544,545,98.16463197165045,-0.24753035627300543,88837.7969739895
545,546,97.91710161537745,-0.2469160848008126,88935.83784078302
546,547,97.67018553057663,-0.2463048828291968,89033.631484356
547,548,97.42388064774744,-0.24569673127138666,89131.17851744515
548,549,97.17818391647606,-0.24509161119256836,89228.47954972726
549,550,96.9330923052835,-0.2444895038084475,89325.53518783813
550,551,96.68860280147504,-0.24389039048382635,89422.34603539151
551,552,96.44471241099122,-0.2432942527311968,89518.91269299775
552,553,96.20141815826001,-0.24270107220934892,89615.23575828238
553,554,95.95871708605067,-0.24211083072199505,89711.31582590453
554,555,95.71660625532867,-0.24152351021640847,89807.15348757523
555,556,95.47508274511226,-0.24093909278207779,89902.74933207544
556,557,95.23414365233019,-0.2403575606493752,89998.10394527417
557,558,94.99378609168082,-0.23977889618823997,90093.21791014618
558,559,94.75400719549258,-0.23920308190687614,90188.09180678976
559,560,94.5148041135857,-0.2386301004504642,90282.72621244431
560,561,94.27617401313523,-0.2380599345998871,90377.12170150767
561,562,94.03811407853534,-0.2374925672704699,90471.2788455535
562,563,93.80062151126488,-0.2369279815107332,90565.19821334841
563,564,93.56369352975415,-0.23636616050116,90658.88037086892
564,565,93.32732736925298,-0.2358070875529761,90752.32588131842
565,566,93.09152028170001,-0.2352507461069435,90845.5353051439
566,567,92.85626953559307,-0.23469711973216673,90938.50920005255
567,568,92.62157241586091,-0.23414619212491228,91031.24812102827
568,569,92.387426223736,-0.23359794710744072,91123.75262034807
569,570,92.15382827662856,-0.233052368626851,91216.02324759825
570,571,91.9207759080017,-0.23250944075393773,91308.06054969056
571,572,91.68826646724776,-0.2319691476820601,91399.8650708782
572,573,91.45629731956569,-0.23143147372602327,91491.4373527716
573,574,91.22486584583967,-0.23089640332097164,91582.7779343543
574,575,90.9939694425187,-0.23036392102129383,91673.88735199848
575,576,90.76360552149741,-0.22983401149953933,91764.76613948049
576,577,90.53377150999788,-0.22930665954534665,91855.41482799624
577,578,90.30446485045253,-0.22878185006438312,91945.83394617647
578,579,90.07568300038815,-0.22825956807729536,92036.02402010189
579,580,89.84742343231086,-0.22773979871867142,92125.98557331823
580,581,89.61968363359219,-0.22722252723601352,92215.71912685118
581,582,89.39246110635618,-0.2267077389887218,92305.22519922115
582,583,89.16575336736746,-0.22619541944708874,92394.50430645801
583,584,88.93955794792036,-0.225685554191304,92483.55696211566
584,585,88.71387239372906,-0.22517812891047015,92572.38367728649
585,586,88.48869426481859,-0.224673129401628,92660.98496061577
586,587,88.26402113541697,-0.2241705415687929,92749.36131831587
587,588,88.03985059384817,-0.22367035142200056,92837.5132541805
588,589,87.81618024242617,-0.22317254507636317,92925.44126959864
589,590,87.5930076973498,-0.22267710875113508,93013.14586356853
590,591,87.37033058859868,-0.2221840287687886,93100.6275327115
591,592,87.14814655982988,-0.2216932915540988,93187.88677128572
592,593,86.92645326827578,-0.2212048836332384,93274.92407119977
593,594,86.70524838464254,-0.22071879163288188,93361.73992202623
594,595,86.48452959300967,-0.22023500227931844,93448.33481101505
595,596,86.26429459073034,-0.21975350239757482,93534.70922310693
596,597,86.04454108833276,-0.2192742789105466,93620.86364094645
597,598,85.82526680942222,-0.21879731883813883,93706.79854489533
598,599,85.60646949058408,-0.21832260929641517,93792.51441304533
599,600,85.38814688128765,-0.217850137496756,93878.01172123126
600,601,85.1702967437909,-0.2173798907450252,93963.2909430438
601,602,84.95291685304588,-0.2169118564407452,94048.35254984222
602,603,84.73600499660513,-0.2164460220762807,94133.19701076705
603,604,84.51955897452885,-0.21598237523603078,94217.82479275261
604,605,84.30357659929282,-0.21552090359562895,94302.23636053952
605,606,84.0880556956972,-0.21506159492115162,94386.43217668701
606,607,83.87299410077604,-0.21460443706833454,94470.41270158526
607,608,83.65838966370771,-0.21414941798179718,94554.1783934675
608,609,83.44424024572591,-0.21369652569427486,94637.72970842222
609,610,83.23054372003163,-0.21324574832585905,94721.0671004051
610,611,83.01729797170577,-0.21279707408324475,94804.19102125097
611,612,82.80450089762253,-0.21235049125898595,94887.10192068563
612,613,82.59215040636354,-0.2119059882307586,94969.80024633762
613,614,82.38024441813279,-0.21146355346063053,95052.28644374986
614,615,82.16878086467216,-0.21102317549433933,95134.56095639127
615,616,81.95775768917783,-0.21058484296057692,95216.6242256682
616,617,81.74717284621725,-0.21014854457028168,95298.4766909359
617,618,81.53702430164697,-0.20971426911593757,95380.11878950984
618,619,81.32731003253103,-0.20928200547088024,95461.55095667693
619,620,81.11802802706015,-0.20885174258860986,95542.77362570673
620,621,80.90917628447154,-0.20842346950211119,95623.7872278625
621,622,80.70075281496943,-0.20799717532318016,95704.59219241222
622,623,80.49275563964625,-0.20757284924175723,95785.18894663954
623,624,80.28518279040449,-0.20715048052526733,95865.57791585456
624,625,80.07803230987922,-0.20673005851796633,95945.7595234047
625,626,79.87130225136126,-0.20631157264029412,96025.73419068533
626,627,79.66499067872097,-0.20589501238823388,96105.50233715036
627,628,79.45909566633273,-0.20548036733267774,96185.06438032289
628,629,79.25361529900005,-0.20506762711879892,96264.42073580556
629,630,79.04854767188125,-0.20465678146542973,96343.571817291
630,631,78.84389089041582,-0.2042478201644458,96422.51803657215
631,632,78.63964307025138,-0.20384073308015643,96501.25980355247
632,633,78.43580233717122,-0.20343551014870087,96579.79752625618
633,634,78.23236682702253,-0.2030321413774505,96658.13161083827
634,635,78.02933468564508,-0.20263061684441688,96736.26246159461
635,636,77.82670406880067,-0.2022309266976655,96814.19048097184
636,637,77.624473142103,-0.20183306115473545,96891.91606957729
637,638,77.42264008094827,-0.2014370105020645,96969.4396261888
638,639,77.22120307044621,-0.2010427650944199,97046.7615477645
639,640,77.0201603053518,-0.20065031535433467,97123.8822294524
640,641,76.81950998999746,-0.20025965177154945,97200.80206460008
641,642,76.61925033822591,-0.19987076490245959,97277.52144476419
642,643,76.41937957332345,-0.19948364536956784,97354.04075971997
643,644,76.21989592795389,-0.19909828386094194,97430.3603974706
644,645,76.02079764409294,-0.19871467112967792,97506.48074425664
645,646,75.82208297296326,-0.19833279799336812,97582.40218456516
646,647,75.62375017496989,-0.19795265533357467,97658.12510113913
647,648,75.4257975196363,-0.19757423409530792,97733.64987498644
648,649,75.22822328554099,-0.19719752528650966,97808.97688538903
649,650,75.03102576025448,-0.19682251997754166,97884.10650991193
650,651,74.83420324027693,-0.19644920930067897,97959.0391244122
651,652,74.63775403097625,-0.19607758444960788,98033.77510304782
652,653,74.44167644652664,-0.19570763667892882,98108.31481828658
653,654,74.24596880984771,-0.19533935730366417,98182.65864091477
654,655,74.05062945254404,-0.19497273769877038,98256.80694004596
655,656,73.85565671484527,-0.19460776929865506,98330.76008312966
656,657,73.66104894554661,-0.19424444359669854,98404.51843595985
657,658,73.46680450194991,-0.19388275214477987,98478.08236268359
658,659,73.27292174980514,-0.1935226865528074,98551.45222580947
659,660,73.07939906325232,-0.1931642384882539,98624.62838621599
660,661,72.88623482476407,-0.1928073996756959,98697.61120315999
661,662,72.69342742508837,-0.19245216189635744,98770.40103428492
662,663,72.50097526319202,-0.19209851698765815,98842.99823562906
663,664,72.30887674620436,-0.19174645684276545,98915.40316163376
664,665,72.1171302893616,-0.19139597341015138,98987.61616515154
665,666,71.92573431595144,-0.1910470586931529,99059.6375974542
666,667,71.73468725725829,-0.1906997047495368,99131.4678082408
667,668,71.54398755250875,-0.19035390369106878,99203.10714564568
668,669,71.35363364881768,-0.19000964768308612,99274.55595624635
669,670,71.1636240011346,-0.18966692894407464,99345.81458507132
670,671,70.97395707219052,-0.18932573974524958,99416.88337560798
671,672,70.78463133244527,-0.18898607241014023,99487.7626698103
672,673,70.59564526003513,-0.1886479193141787,99558.45280810654
673,674,70.40699734072095,-0.18831127288429222,99628.95412940692
674,675,70.21868606783666,-0.1879761255984994,99699.2669711112
675,676,70.03070994223816,-0.18764246998551018,99769.39166911623
676,677,69.84306747225266,-0.18731029862432944,99839.32855782348
677,678,69.65575717362833,-0.18697960414386436,99909.07797014642
678,679,69.46877756948447,-0.18665037922253544,99978.64023751798
679,680,69.28212719026193,-0.18632261658789084,100048.01568989785
680,681,69.09580457367404,-0.18599630901622471,100117.20465577982
681,682,68.90980826465783,-0.18567144933219853,100186.20746219897
682,683,68.72413681532562,-0.18534803040846637,100255.02443473897
683,684,68.53878878491716,-0.1850260451653033,100323.6558975391
684,685,68.35376273975186,-0.18470548657023741,100392.10217330142
685,686,68.16905725318162,-0.18438634763768488,100460.36358329789
686,687,67.98467090554394,-0.18406862142858896,100528.44044737726
687,688,67.80060228411534,-0.18375230105006146,100596.33308397209
688,689,67.61684998306528,-0.18343737965502832,100664.04181010567
689,690,67.43341260341025,-0.18312385044187773,100731.56694139891
690,691,67.25028875296837,-0.182811706654112,100798.9087920771
691,692,67.06747704631427,-0.1825009415800021,100866.06767497674
692,693,66.88497610473426,-0.1821915485522457,100933.04390155227
693,694,66.70278455618202,-0.18188352094762822,100999.83778188273
694,695,66.5209010352344,-0.18157685218668676,101066.44962467844
695,696,66.33932418304772,-0.18127153573337743,101132.87973728759
696,697,66.15805264731435,-0.18096756509474526,101199.12842570276
697,698,65.9770850822196,-0.18066493382059742,101265.19599456753
698,699,65.79642014839901,-0.18036363550317938,101331.08274718284
699,700,65.61605651289582,-0.18006366377685348,101396.78898551349
700,701,65.43599284911897,-0.17976501231778128,101462.31501019449
701,702,65.25622783680119,-0.17946767484360784,101527.66112053745
702,703,65.07676016195758,-0.1791716451131495,101592.82761453683
703,704,64.89758851684444,-0.17887691692608415,101657.81478887623
704,705,64.71871159991835,-0.17858348412264421,101722.62293893461
705,706,64.54012811579571,-0.17829134058331267,101787.25235879247
706,707,64.3618367752124,-0.1780004802285214,101851.70334123797
707,708,64.18383629498388,-0.17771089701835277,101915.97617777306
708,709,64.00612539796552,-0.17742258495224297,101980.07115861954
709,710,63.82870281301328,-0.17713553806868917,102043.98857272502
710,711,63.65156727494459,-0.1768497504449582,102107.728707769
711,712,63.47471752449963,-0.17656521619679852,102171.29185016872
712,713,63.29815230830283,-0.17628192947815433,102234.67828508513
713,714,63.12187037882468,-0.17599988448088255,102297.88829642869
714,715,62.9458704943438,-0.1757190754344719,102360.92216686528
715,716,62.77015141890933,-0.175439496605765,102423.7801778219
716,717,62.59471192230357,-0.17516114229868218,102486.4626094925
717,718,62.41955078000488,-0.17488400685394861,102548.96974084366
718,719,62.24466677315093,-0.17460808464882302,102611.30184962024
719,720,62.07005868850211,-0.1743333700968294,102673.45921235107
720,721,61.895725318405276,-0.17405985764749055,102735.44210435452
721,722,61.721665460757784,-0.1737875417860645,102797.2507997441
722,723,61.54787791897172,-0.17351641703328283,102858.88557143396
723,724,61.37436150193844,-0.1732464779450914,102920.34669114441
724,725,61.201115023993346,-0.1729777191123934,102981.63442940738
725,726,61.02813730488095,-0.17271013516079464,103042.74905557181
726,727,60.85542716972016,-0.17244372075035097,103103.6908378091
727,728,60.68298344896981,-0.17217847057531796,103164.46004311845
728,729,60.51080497839449,-0.17191437936390283,103225.05693733213
729,730,60.338890599030584,-0.17165144187801834,103285.48178512085
730,731,60.167239157152565,-0.17138965291303906,103345.73484999895
731,732,59.99584950423952,-0.17112900729755956,103405.81639432964
732,733,59.824720496941964,-0.17086949989315475,103465.72667933023
733,734,59.65385099704881,-0.17061112559414243,103525.46596507722
734,735,59.483239871454664,-0.1703538793273476,103585.03451051147
735,736,59.31288599212731,-0.17009775605186916,103644.43257344326
736,737,59.14278823607545,-0.16984275075884825,103703.66041055736
737,738,58.9729454853166,-0.16958885847123892,103762.71827741805
738,739,58.803356626845364,-0.1693360742435806,103821.60642847413
739,740,58.63402055260178,-0.16908439316177248,103880.32511706385
740,741,58.46493615944001,-0.16883381034285003,103938.87459541988
741,742,58.296102349097154,-0.16858432093476322,103997.25511467415
742,743,58.12751802816239,-0.16833592011615672,104055.46692486278
743,744,57.959182108046235,-0.16808860309615206,104113.51027493089
744,745,57.791093504950084,-0.1678423651141315,104171.38541273738
745,746,57.62325113983595,-0.16759720143952395,104229.09258505977
746,747,57.45565393839642,-0.16735310737159245,104286.63203759889
747,748,57.288300831024834,-0.16711007823922375,104344.0040149836
748,749,57.12119075278561,-0.1668681094007194,104401.20876077551
749,750,56.95432264338489,-0.16662719624358888,104458.2465174736
750,751,56.7876954471413,-0.1663873341843443,104515.11752651886
751,752,56.62130811295696,-0.1661485186682969,104571.82202829892
752,753,56.455159594288666,-0.16591074516935542,104628.36026215254
753,754,56.28924884911931,-0.16567400918982567,104684.73246637423
754,755,56.12357483992948,-0.1654383062602127,104740.93887821876
755,756,55.95813653366927,-0.16520363193902363,104796.97973390557
756,757,55.792932901730246,-0.1649699818125729,104852.85526862327
757,758,55.62796291991767,-0.16473735149478888,104908.5657165341
758,759,55.463225568422885,-0.16450573662702186,104964.11131077826
759,760,55.298719831795864,-0.16427513287785425,105019.49228347836
760,761,55.13444469891801,-0.16404553594291182,105074.70886574373
761,762,54.9703991629751,-0.1638169415446768,105129.76128767467
762,763,54.806582221430425,-0.16358934543230255,105184.64977836687
763,764,54.642992875998125,-0.1633627433814296,105239.37456591558
764,765,54.4796301326167,-0.16313713119400344,105293.93587741989
765,766,54.31649300142269,-0.16291250469809387,105348.3339389869
766,767,54.1535804967246,-0.16268885974771544,105402.56897573598
767,768,53.99089163697688,-0.16246619222265,105456.64121180284
768,769,53.82842544475423,-0.16224449802827018,105510.55087034371
769,770,53.66618094672596,-0.1620237730953648,105564.29817353944
770,771,53.504157173630595,-0.1618040133799654,105617.88334259963
771,772,53.34235316025063,-0.1615852148631742,105671.30659776657
772,773,53.18076794538746,-0.16136737355099398,105724.56815831938
773,774,53.019400571836464,-0.1611504854741586,105777.66824257799
774,775,52.858250086362304,-0.16093454668796567,105830.60706790708
775,776,52.697315539674335,-0.16071955327211004,105883.3848507201
776,777,52.536595986402226,-0.16050550133051908,105936.00180648314
777,778,52.37609048507171,-0.16029238699118897,105988.45814971888
778,779,52.21579809808052,-0.16008020640602275,106040.75409401045
779,780,52.0557178916745,-0.1598689557506692,106092.88985200533
780,781,51.89584893592383,-0.15965863122436355,106144.86563541913
781,782,51.73619030469947,-0.1594492290497692,106196.68165503944
782,783,51.5767410756497,-0.1592407454728207,106248.33812072962
783,784,51.41750033017688,-0.1590331767625684,106299.83524143253
784,785,51.25846715341431,-0.15882651921102392,106351.17322517434
785,786,51.09964063420328,-0.1586207691330071,106402.35227906815
786,787,50.941019865070274,-0.1584159228659943,106453.37260931778
787,788,50.78260394220428,-0.15821197676996768,106504.23442122142
788,789,50.62439196543431,-0.15800892722726603,106554.93791917524
789,790,50.46638303820705,-0.15780677064243662,106605.48330667705
790,791,50.30857626756461,-0.15760550344208815,106655.87078632994
791,792,50.150970764122526,-0.15740512207474525,106706.10055984577
792,793,49.993565642047784,-0.15720562301070393,106756.17282804886
793,794,49.83636001903708,-0.15700700274188809,106806.0877908794
794,795,49.679353016295195,-0.15680925778170754,106855.84564739707
795,796,49.522543758513486,-0.15661238466491698,106905.44659578448
796,797,49.36593137384857,-0.15641637994747598,106954.89083335066
797,798,49.209514993901095,-0.15622124020641046,107004.17855653453
798,799,49.05329375369468,-0.15602696203967484,107053.30996090833
799,800,48.89726679165501,-0.15583354206601585,107102.285241181
800,801,48.741433249588994,-0.155640976924837,107151.10459120163
801,802,48.58579227266416,-0.15544926327606415,107199.76820396275
802,803,48.430343009388096,-0.1552583978000127,107248.27627160378
803,804,48.275084611588085,-0.15506837719725503,107296.62898541427
804,805,48.12001623439083,-0.1548791981884898,107344.82653583726
805,806,47.96513703620234,-0.15469085751441172,107392.86911247256
806,807,47.81044617868793,-0.15450335193558282,107440.75690408
807,808,47.65594282675235,-0.1543166782323043,107488.49009858273
808,809,47.501626148520046,-0.15413083320448986,107536.06888307036
809,810,47.347495315315555,-0.15394581367153973,107583.49344380228
810,811,47.193549501644014,-0.15376161647221578,107630.76396621075
811,812,47.0397878851718,-0.1535782384645179,107677.88063490416
812,813,46.88620964670728,-0.1533956765255609,107724.8436336701
813,814,46.73281397018172,-0.1532139275514528,107771.65314547854
814,815,46.57960004263026,-0.15303298845717384,107818.30935248495
815,816,46.426567054173084,-0.15285285617645664,107864.81243603336
816,817,46.273714197996625,-0.15267352766166722,107911.16257665945
817,818,46.121040670334956,-0.15249499988368698,107957.35995409361
818,819,45.96854567045127,-0.15231726983179564,108003.40474726401
819,820,45.81622840061947,-0.15214033451355508,108049.29713429954
820,821,45.66408806610592,-0.1519641909546942,108095.03729253291
821,822,45.512123875151225,-0.15178883619899458,108140.62539850354
822,823,45.36033503895223,-0.1516142673081771,108186.0616279606
823,824,45.20872077164405,-0.15144048136178953,108231.3461558659
824,825,45.057280290282264,-0.1512674754570948,108276.47915639686
825,826,44.90601281482517,-0.15109524670896052,108321.46080294941
826,827,44.754917568116205,-0.150923792249749,108366.29126814088
827,828,44.603993775866456,-0.1507531092292084,108410.97072381288
828,829,44.45324066663725,-0.15058319481436458,108455.49934103413
829,830,44.30265747182288,-0.15041404618941392,108499.87729010335
830,831,44.15224342563347,-0.15024566055561694,108544.10474055208
831,832,44.00199776507785,-0.15007803513119283,108588.18186114743
832,833,43.85191972994666,-0.1499111671512146,108632.10881989494
833,834,43.70200856279544,-0.1497450538675054,108675.88578404131
834,835,43.552263508927936,-0.14957969254853531,108719.51292007718
835,836,43.4026838163794,-0.14941508047931926,108762.99039373983
836,837,43.25326873590008,-0.1492512149613154,108806.31837001597
837,838,43.10401752093876,-0.14908809331232475,108849.4970131444
838,839,42.95492942762644,-0.14892571286639109,108892.52648661868
839,840,42.806003714760045,-0.1487640709737021,108935.40695318987
840,841,42.65723964378634,-0.14860316500049095,108978.13857486914
841,842,42.50863647878585,-0.14844299232893904,109020.72151293042
842,843,42.360193486456915,-0.1482835503570789,109063.15592791305
843,844,42.211909936099836,-0.1481248364986986,109105.44197962432
844,845,42.06378509960114,-0.1479668481832463,109147.57982714217
845,846,41.915818251417896,-0.14780958285573584,109189.56962881767
846,847,41.76800866856216,-0.14765303797665308,109231.41154227765
847,848,41.62035563058551,-0.14749721102186278,109273.10572442722
848,849,41.47285841956364,-0.14734209948251645,109314.6523314523
849,850,41.32551632008113,-0.1471877008649608,109356.05151882212
850,851,41.17832861921617,-0.1470340126906468,109397.30344129176
851,852,41.03129460652552,-0.14688103249603973,109438.40825290463
852,853,40.88441357402948,-0.14672875783252964,109479.3661069949
853,854,40.73768481619695,-0.1465771862663427,109520.17715619001
854,855,40.59110762993061,-0.1464263153784532,109560.84155241307
855,856,40.444681314552156,-0.1462761427644961,109601.35944688531
856,857,40.29840517178766,-0.1461266660346806,109641.73099012848
857,858,40.152278505752975,-0.14597788281370397,109681.95633196725
858,859,40.00630062293927,-0.1458297907406663,109722.03562153158
859,860,39.86047083219861,-0.14568238746898593,109761.96900725915
860,861,39.71478844472962,-0.14553567066631534,109801.75663689761
861,862,39.56925277406331,-0.14538963801445798,109841.398657507
862,863,39.42386313604885,-0.14524428720928548,109880.89521546206
863,864,39.278618848839564,-0.14509961596065565,109920.24645645451
864,865,39.13351923287891,-0.14495562199233109,109959.45252549536
865,866,38.98856361088658,-0.1448123030418984,109998.51356691725
866,867,38.843751307844684,-0.14466965686068814,110037.4297243766
867,868,38.699081650984,-0.14452768121369516,110076.20114085602
868,869,38.5545539697703,-0.14438637387949985,110114.8279586664
869,870,38.410167595890805,-0.14424573265018975,110153.31031944923
870,871,38.265921863240614,-0.14410575533128195,110191.64836417879
871,872,38.12181610790933,-0.14396643974164594,110229.84223316437
872,873,37.977849668167686,-0.14382778371342722,110267.8920660524
873,874,37.83402188445426,-0.14368978509197142,110305.79800182872
874,875,37.69033209936229,-0.14355244173574883,110343.56017882063
875,876,37.54677965762654,-0.14341575151627992,110381.17873469912
876,877,37.40336390611026,-0.14327971231806108,110418.65380648099
877,878,37.260084193792196,-0.14314432203849106,110455.98553053093
878,879,37.11693987175371,-0.14300957858779806,110493.17404256371
879,880,36.97393029316591,-0.14287547988896712,110530.21947764617
880,881,36.83105481327694,-0.14274202387766857,110567.12197019938
881,882,36.688312789399276,-0.14260920850218634,110603.88165400072
882,883,36.54570358089709,-0.14247703172334752,110640.49866218587
883,884,36.403226549173745,-0.142345491514452,110676.97312725091
884,885,36.26088105765929,-0.14221458586120275,110713.30518105433
885,886,36.118666471798086,-0.14208431276163683,110749.49495481905
886,887,35.97658215903645,-0.14195467022605673,110785.54257913446
887,888,35.83462748881039,-0.14182565627696225,110821.44818395839
888,889,35.692801832533426,-0.14169726894898302,110857.21189861906
889,890,35.551104563584445,-0.14156950628881151,110892.83385181712
890,891,35.409535057295635,-0.14144236635513643,110928.31417162756
891,892,35.2680926909405,-0.14131584721857682,110963.65298550167
892,893,35.12677684372192,-0.14118994696161655,110998.85042026901
893,894,34.9855868967603,-0.1410646636785393,111033.90660213925
894,895,34.84452223308176,-0.1409399954753642,111068.82165670417
895,896,34.7035822376064,-0.14081594046978174,111103.59570893951
896,897,34.56276629713662,-0.14069249679109036,111138.22888320687
897,898,34.42207380034553,-0.1405696625801334,111172.72130325562
898,899,34.281504137765396,-0.1404474359892366,111207.07309222467
899,900,34.14105670177616,-0.14032581518214618,111241.28437264444
900,901,34.00073088659401,-0.14020479833396715,111275.35526643862
901,902,33.860526088260045,-0.14008438363110237,111309.28589492606
902,903,33.72044170462894,-0.13996456927119183,111343.0763788225
903,904,33.58047713535775,-0.13984535346305257,111376.7268382425
904,905,33.440631781894695,-0.13972673442661912,111410.23739270112
905,906,33.30090504746808,-0.13960871039288406,111443.6081611158
906,907,33.16129633707519,-0.13949127960383947,111476.83926180807
907,908,33.021805057471354,-0.13937444031241855,111509.93081250534
908,909,32.88243061715894,-0.13925819078243784,111542.88293034265
909,910,32.7431724263765,-0.13914252928853968,111575.69573186441
910,911,32.60402989708796,-0.1390274541161354,111608.36933302614
911,912,32.46500244297182,-0.13891296356134875,111640.90384919617
912,913,32.32608947941048,-0.13879905593095976,111673.29939515736
913,914,32.18729042347952,-0.13868572954234923,111705.55608510881
914,915,32.048604693937165,-0.13857298272344334,111737.67403266752
915,916,31.910031711213723,-0.138460813812659,111769.6533508701
916,917,31.771570897401062,-0.13834922115884946,111801.4941521744
917,918,31.63322167624221,-0.13823820312125024,111833.19654846123
918,919,31.49498347312096,-0.1381277580694258,111864.76065103592
919,920,31.356855715051534,-0.13801788438321622,111896.18657063
920,921,31.218837830668317,-0.13790858045268464,111927.47441740286
921,922,31.080929250215632,-0.13779984467806494,111958.62430094331
922,923,30.94312940553757,-0.1376916754697098,111989.63633027118
923,924,30.805437730067858,-0.13758407124803926,112020.51061383898
924,925,30.66785365881982,-0.1374770304434895,112051.24725953343
925,926,30.53037662837633,-0.13737055149646235,112081.84637467703
926,927,30.393006076879868,-0.1372646328572749,112112.30806602965
927,928,30.255741444022593,-0.13715927298610947,112142.6324397901
928,929,30.118582171036483,-0.13705447035296425,112172.81960159763
929,930,29.981527700683518,-0.13695022343760416,112202.86965653348
930,931,29.844577477245913,-0.1368465307295119,112232.78270912245
931,932,29.707730946516403,-0.13674339072783975,112262.55886333433
932,933,29.570987555788562,-0.1366408019413616,112292.19822258549
933,934,29.4343467538472,-0.13653876288842512,112321.7008897403
934,935,29.297807990958777,-0.13643727209690465,112351.0669671127
935,936,29.16137071886187,-0.1363363281041543,112380.29655646761
936,937,29.025034390757718,-0.13623592945696142,112409.38975902242
937,938,28.888798461300755,-0.13613607471150035,112438.34667544845
938,939,28.752662386589254,-0.13603676243328672,112467.1674058724
939,940,28.61662562415597,-0.13593799119713196,112495.85204987778
940,941,28.480687632958837,-0.13583975958709824,112524.40070650633
941,942,28.344847873371737,-0.13574206619645365,112552.8134742595
942,943,28.209105807175284,-0.13564490962762799,112581.09045109978
943,944,28.073460897547655,-0.1355482884921685,112609.23173445214
944,945,27.937912609055488,-0.1354522014106963,112637.23742120544
945,946,27.80246040764479,-0.13535664701286304,112665.1076077138
946,947,27.667103760631928,-0.13526162393730784,112692.84238979794
947,948,27.53184213669462,-0.13516713083161466,112720.44186274661
948,949,27.396675005863006,-0.13507316635226993,112747.90612131788
949,950,27.261601839510735,-0.13497972916462053,112775.23525974057
950,951,27.126622110346116,-0.13488681794283217,112802.4293717155
951,952,26.991735292403284,-0.13479443136984798,112829.48855041686
952,953,26.856940861033436,-0.13470256813734754,112856.41288849358
953,954,26.72223829289609,-0.13461122694570615,112883.20247807054
954,955,26.587627065950386,-0.13452040650395447,112909.85741074996
955,956,26.45310665944643,-0.13443010552973844,112936.37777761265
956,957,26.318676553916692,-0.13434032274927962,112962.76366921933
957,958,26.184336231167414,-0.13425105689733569,112989.01517561187
958,959,26.050085174270077,-0.1341623067171613,113015.1323863146
959,960,25.915922867552915,-0.1340740709604694,113041.1153903355
960,961,25.781848796592445,-0.13398634838739265,113066.96427616758
961,962,25.647862448205053,-0.1338991377664453,113092.67913178998
962,963,25.51396331043861,-0.13381243787448519,113118.2600446693
963,964,25.380150872564123,-0.1337262474966764,113143.7071017608
964,965,25.246424625067448,-0.13364056542645167,113169.0203895096
965,966,25.112784059640997,-0.13355539046547568,113194.19999385196
966,967,24.979228669175523,-0.1334707214236083,113219.24600021637
967,968,24.845757947751913,-0.13338655711886807,113244.15849352484
968,969,24.712371390633045,-0.1333028963773963,113268.93755819403
969,970,24.579068494255647,-0.1332197380334212,113293.58327813647
970,971,24.445848756222226,-0.13313708092922216,113318.09573676171
971,972,24.312711675293002,-0.13305492391509488,113342.47501697746
972,973,24.17965675137791,-0.1329732658493162,113366.7212011908
973,974,24.046683485528593,-0.1328921055981095,113390.83437130925
974,975,23.913791379930483,-0.13281144203561018,113414.81460874197
975,976,23.780979937894873,-0.13273127404383187,113438.66199440089
976,977,23.648248663851042,-0.13265160051263225,113462.37660870176
977,978,23.51559706333841,-0.13257242033967978,113485.95853156535
978,979,23.38302464299873,-0.1324937324304203,113509.40784241853
979,980,23.250530910568312,-0.13241553569804398,113532.72462019531
980,981,23.118115374870268,-0.13233782906345276,113555.90894333803
981,982,22.985777545806815,-0.13226061145522766,113578.96088979837
982,983,22.85351693435159,-0.13218388180959675,113601.88053703845
983,984,22.721333052541993,-0.13210763907040324,113624.66796203189
984,985,22.58922541347159,-0.13203188218907363,113647.3232412649
985,986,22.457193531282513,-0.1319566101245865,113669.84645073727
986,987,22.325236921157927,-0.13188182184344124,113692.23766596349
987,988,22.193355099314484,-0.13180751631962723,113714.49696197372
988,989,22.06154758299486,-0.13173369253459313,113736.62441331487
989,990,21.929813890460267,-0.13166034947721666,113758.6200940516
990,991,21.79815354098305,-0.1315874861437743,113780.48407776732
991,992,21.666566054839276,-0.13151510153791152,113802.21643756524
992,993,21.535050953301365,-0.13144319467061313,113823.8172460693
993,994,21.403607758630752,-0.13137176456017394,113845.28657542527
994,995,21.272235994070577,-0.13130081023216958,113866.62449730161
995,996,21.14093518383841,-0.13123033071942777,113887.83108289057
996,997,21.00970485311898,-0.13116032506199946,113908.90640290905
997,998,20.87854452805698,-0.13109079230713058,113929.85052759964
998,999,20.74745373574985,-0.131021731509234,113950.66352673154
999,1000,20.616432004240618,-0.1309531417298613,113971.34546960154
1000,1001,20.485478862510757,-0.13088502203767552,113991.89642503491
1001,1002,20.354593840473083,-0.13081737150842332,114012.3164613864
1002,1003,20.223776468964658,-0.1307501892249081,114032.60564654112
1003,1004,20.09302627973975,-0.1306834742769629,114052.76404791548
1004,1005,19.962342805462786,-0.1306172257614236,114072.79173245808
1005,1006,19.831725579701363,-0.13055144278210262,114092.68876665067
1006,1007,19.70117413691926,-0.1304861244497625,114112.45521650897
1007,1008,19.570688012469496,-0.13042126988208988,114132.09114758366
1008,1009,19.440266742587408,-0.13035687820366978,114151.5966249612
1009,1010,19.309909864383737,-0.13029294854595994,114170.97171326468
1010,1011,19.179616915837777,-0.13022948004726542,114190.2164766548
1011,1012,19.04938743579051,-0.13016647185271366,114209.3309788306
1012,1013,18.919220963937796,-0.13010392311422928,114228.31528303048
1013,1014,18.789117040823566,-0.13004183299050964,114247.16945203286
1014,1015,18.659075207833055,-0.12998020064700025,114265.89354815718
1015,1016,18.529095007186054,-0.1299190252558705,114284.4876332647
1016,1017,18.399175981930185,-0.12985830599598977,114302.95176875926
1017,1018,18.269317675934197,-0.1297980420529034,114321.2860155882
1018,1019,18.139519633881292,-0.1297382326188092,114339.4904342431
1019,1020,18.009781401262483,-0.12967887689253416,114357.56508476067
1020,1021,17.88010252436995,-0.12961997407951106,114375.5100267235
1021,1022,17.75048255029044,-0.1295615233917556,114393.32531926082
1022,1023,17.62092102689868,-0.12950352404784382,114411.01102104942
1023,1024,17.491417502850837,-0.12944597527288915,114428.5671903143
1024,1025,17.361971527577946,-0.1293888762985205,114445.99388482951
1025,1026,17.232582651279426,-0.12933222636285988,114463.29116191894
1026,1027,17.103250424916567,-0.1292760247105005,114480.45907845703
1027,1028,16.973974400206068,-0.12922027059248517,114497.4976908696
1028,1029,16.844754129613584,-0.12916496326628457,114514.4070551345
1029,1030,16.7155891663473,-0.1291101019957762,114531.18722678248
1030,1031,16.586479064351522,-0.12905568605122303,114547.83826089783
1031,1032,16.457423378300298,-0.12900171470925273,114564.36021211915
1032,1033,16.328421663591044,-0.1289481872528369,114580.7531346401
1033,1034,16.199473476338206,-0.1288951029712706,114597.01708221006
1034,1035,16.070578373366935,-0.12884246116015194,114613.15210813492
1035,1036,15.941735912206783,-0.1287902611213621,114629.15826527771
1036,1037,15.812945651085421,-0.12873850216304522,114645.03560605936
1037,1038,15.684207148922376,-0.12868718359958886,114660.78418245936
1038,1039,15.555519965322787,-0.12863630475160434,114676.40404601648
1039,1040,15.426883660571184,-0.1285858649459074,114691.89524782942
1040,1041,15.298297795625276,-0.12853586351549914,114707.25783855752
1041,1042,15.169761932109777,-0.1284862997995469,114722.49186842139
1042,1043,15.04127563231023,-0.1284371731433656,114737.5973872036
1043,1044,14.912838459166863,-0.1283884828983992,114752.57444424933
1044,1045,14.784449976268464,-0.12834022842220214,114767.42308846705
1045,1046,14.656109747846262,-0.1282924090784212,114782.14336832911
1046,1047,14.527817338767841,-0.12824502423677758,114796.73533187242
1047,1048,14.399572314531063,-0.12819807327304894,114811.19902669908
1048,1049,14.271374241258014,-0.1281515555690517,114825.53449997697
1049,1050,14.143222685688963,-0.12810547051262372,114839.74179844045
1050,1051,14.015117215176339,-0.12805981749760686,114853.82096839088
1051,1052,13.887057397678731,-0.12801459592383005,114867.7720556973
1052,1053,13.759042801754902,-0.1279698051970921,114881.59510579702
1053,1054,13.63107299655781,-0.12792544472914522,114895.29016369618
1054,1055,13.503147551828665,-0.12788151393767827,114908.85727397037
1055,1056,13.375266037890986,-0.12783801224630045,114922.29648076523
1056,1057,13.247428025644686,-0.12779493908452502,114935.607827797
1057,1058,13.11963308656016,-0.12775229388775342,114948.79135835309
1058,1059,12.991880792672406,-0.12771007609725912,114961.84711529271
1059,1060,12.864170716575147,-0.12766828516017228,114974.77514104733
1060,1061,12.736502431414975,-0.12762692052946398,114987.57547762133
1061,1062,12.608875510885511,-0.12758598166393095,115000.24816659249
1062,1063,12.48128952922158,-0.12754546802818048,115012.79324911254
1063,1064,12.3537440611934,-0.12750537909261533,115025.21076590774
1064,1065,12.226238682100783,-0.12746571433341897,115037.5007572794
1065,1066,12.098772967767365,-0.1274264732325409,115049.66326310433
1066,1067,11.971346494534824,-0.12738765527768212,115061.69832283548
1067,1068,11.843958839257143,-0.12734925996228094,115073.60597550237
1068,1069,11.716609579294861,-0.12731128678549877,115085.38625971165
1069,1070,11.589298292509362,-0.1272737352522061,115097.03921364756
1070,1071,11.462024557257156,-0.12723660487296873,115108.56487507244
1071,1072,11.334787952384186,-0.12719989516403415,115119.96328132726
1072,1073,11.207588057220152,-0.12716360564731807,115131.23446933206
1073,1074,11.080424451572833,-0.12712773585039105,115142.37847558646
1074,1075,10.953296715722441,-0.12709228530646538,115153.39533617011
1075,1076,10.826204430415975,-0.12705725355438213,115164.28508674318
1076,1077,10.699147176861594,-0.1270226401385983,115175.04776254682
1077,1078,10.572124536722995,-0.12698844460917413,115185.6833984036
1078,1079,10.445136092113822,-0.12695466652176077,115196.19202871803
1079,1080,10.318181425592062,-0.12692130543758764,115206.57368747688
1080,1081,10.191260120154475,-0.1268883609234506,115216.82840824976
1081,1082,10.064371759231024,-0.1268558325516997,115226.95622418945
1082,1083,9.937515926679325,-0.12682371990022742,115236.9571680324
1083,1084,9.810692206779096,-0.126792022552457,115246.83127209912
1084,1085,9.683900184226639,-0.12676074009733085,115256.57856829463
1085,1086,9.557139444129309,-0.1267298721292992,115266.19908810881
1086,1087,9.43040957200001,-0.12669941824830885,115275.69286261688
1087,1088,9.3037101537517,-0.1266693780597922,115285.05992247976
1088,1089,9.177040775691907,-0.12663975117465623,115294.30029794449
1089,1090,9.050401024517251,-0.12661053720927187,115303.41401884459
1090,1091,8.92379048730798,-0.12658173578546328,115312.4011146005
1091,1092,8.797208751522517,-0.1265533465304975,115321.26161421993
1092,1093,8.670655404992019,-0.12652536907707415,115329.99554629819
1093,1094,8.544130035914945,-0.1264978030633153,115338.60293901864
1094,1095,8.417632232851629,-0.12647064813275544,115347.08382015303
1095,1096,8.291161584718873,-0.12644390393433177,115355.43821706182
1096,1097,8.164717680784541,-0.12641757012237442,115363.66615669457
1097,1098,8.038300110662167,-0.12639164635659703,115371.76766559029
1098,1099,7.91190846430557,-0.12636613230208726,115379.74276987778
1099,1100,7.785542332003483,-0.12634102762929766,115387.59149527593
1100,1101,7.659201304374185,-0.12631633201403664,115395.31386709413
1101,1102,7.532884972360148,-0.12629204513745945,115402.9099102325
1102,1103,7.406592927222689,-0.12626816668605947,115410.37964918229
1103,1104,7.2803247605366295,-0.12624469635165966,115417.72310802617
1104,1105,7.15408006418497,-0.12622163383140397,115424.94031043853
1105,1106,7.027858430353565,-0.12619897882774908,115432.03127968579
1106,1107,6.901659451525816,-0.12617673104845628,115438.99603862673
1107,1108,6.77548272047736,-0.12615489020658338,115445.83460971274
1108,1109,6.649327830270776,-0.12613345602047685,115452.54701498811
1109,1110,6.523194374250299,-0.12611242821376412,115459.13327609038
1110,1111,6.397081946036535,-0.12609180651534596,115465.59341425051
1111,1112,6.2709901395211896,-0.12607159065938914,115471.9274502933
1112,1113,6.1449185488618,-0.126051780385319,115478.13540463749
1113,1114,6.018866768476481,-0.12603237543781243,115484.21729729616
1114,1115,5.892834393038668,-0.1260133755667908,115490.1731478769
1115,1116,5.7668210174718775,-0.12599478052741317,115496.00297558216
1116,1117,5.640826236944465,-0.12597659008006953,115501.70679920937
1117,1118,5.514849646864395,-0.12595880399037426,115507.28463715127
1118,1119,5.38889084287402,-0.12594142202915976,115512.73650739614
1119,1120,5.26294942084486,-0.12592444397247007,115518.062427528
1120,1121,5.13702497687239,-0.12590786960155487,115523.26241472685
1121,1122,5.011117107270835,-0.12589169870286335,115528.33648576892
1122,1123,4.885225408567972,-0.1258759310680385,115533.28465702683
1123,1124,4.759349477499933,-0.1258605664939113,115538.10694446987
1124,1125,4.633488911006022,-0.12584560478249532,115542.80336366412
1125,1126,4.507643306223526,-0.12583104574098106,115547.37392977273
1126,1127,4.381812260482545,-0.12581688918173092,115551.81865755608
1127,1128,4.255995371300814,-0.1258031349222739,115556.13756137197
1128,1129,4.13019223637854,-0.1257897827853007,115560.33065517581
1129,1130,4.004402453593239,-0.12577683259865885,115564.3979525208
1130,1131,3.87862562099458,-0.12576428419534796,115568.33946655809
1131,1132,3.7528613367992323,-0.1257521374135152,115572.15521003699
1132,1133,3.627109199385717,-0.12574039209645088,115575.84519530508
1133,1134,3.5013688072892664,-0.1257290480925841,115579.40943430841
1134,1135,3.3756397591966825,-0.12571810525547863,115582.84793859166
1135,1136,3.249921653941204,-0.12570756344382897,115586.16071929823
1136,1137,3.1242140904973748,-0.12569742252145638,115589.34778717045
1137,1138,2.9985166679759185,-0.12568768235730524,115592.40915254969
1138,1139,2.872828985618613,-0.1256783428254394,115595.3448253765
1139,1140,2.747150642793174,-0.12566940380503874,115598.1548151907
1140,1141,2.6214812389881352,-0.1256608651803959,115600.8391311316
1141,1142,2.495820373807739,-0.12565272684091305,115603.397781938
1142,1143,2.3701676469668262,-0.1256449886810989,115605.83077594839
1143,1144,2.244522658285727,-0.12563765060056584,115608.13812110102
1144,1145,2.1188850076851615,-0.12563071250402702,115610.319824934
1145,1146,1.9932542951811345,-0.125624174301294,115612.37589458544
1146,1147,1.8676301208798405,-0.125618035907274,115614.30633679347
1147,1148,1.7420120849725664,-0.12561229724196776,115616.11115789639
1148,1149,1.6163997877305987,-0.12560695823046722,115617.79036383274
1149,1150,1.4907928295001314,-0.1256020188029535,115619.34396014136
1150,1151,1.365190810697178,-0.125597478894695,115620.77195196145
1151,1152,1.239593331802483,-0.12559333844604553,115622.07434403269
1152,1153,1.1139999933564375,-0.12558959740244274,115623.25114069527
1153,1154,0.9884103959539947,-0.12558625571440657,115624.30234588993
1154,1155,0.8628241402395882,-0.12558331333753786,115625.22796315802
1155,1156,0.7372408269020503,-0.12558077023251712,115626.02799564159
1156,1157,0.6116600566695332,-0.12557862636510347,115626.70244608338
1157,1158,0.4860814303044297,-0.12557688170613363,115627.25131682686
1158,1159,0.36050454859829606,-0.12557553623152104,115627.67460981631
1159,1160,0.23492901236677502,-0.12557458992225534,115627.97232659679
1160,1161,0.10935442244451968,-0.12557404276440162,115628.1444683142
